{
  "Web server process" : {
    "Mirage" : 0.9654812,
    "RAT" : 0.954156,
    "ransomware" : 0.93454,
    "Word_1":  0.84541,
    "Word_2":  0.83541,
    "Word_3":  0.82541,
    "Word_4":  0.81541,
    "Word_5":  0.80541,
    "Word_6":  0.79541,
    "Word_7":  0.78541,
    "Word_8":  0.77541,
    "Word_9":  0.76541,
    "Word_10":  0.75541,
    "Word_11":  0.74541,
    "Word_12":  0.73541,
    "Word_13":  0.72541,
    "Word_14":  0.71541,
    "Word_15":  0.71941,
    "Word_16":  0.71841,
    "Word_17":  0.71741,
    "Word_18":  0.71641,
    "Word_19":  0.71541,
    "Word_20":  0.71441
  },
  "WMI" : {
    "Mirage" : 0.9654812,
    "RAT" : 0.954156,
    "ransomware" : 0.93454,
    "Word_1":  0.84541,
    "Word_2":  0.83541,
    "Word_3":  0.82541,
    "Word_4":  0.81541,
    "Word_5":  0.80541,
    "Word_6":  0.79541,
    "Word_7":  0.78541,
    "Word_8":  0.77541,
    "Word_9":  0.76541,
    "Word_10":  0.75541,
    "Word_11":  0.74541,
    "Word_12":  0.73541,
    "Word_13":  0.72541,
    "Word_14":  0.71541,
    "Word_15":  0.71941,
    "Word_16":  0.71841,
    "Word_17":  0.71741,
    "Word_18":  0.71641,
    "Word_19":  0.71541,
    "Word_20":  0.71441
  },
  "njRAT" : {
    "Mirage" : 0.9654812,
    "RAT" : 0.954156,
    "ransomware" : 0.93454,
    "Word_1":  0.84541,
    "Word_2":  0.83541,
    "Word_3":  0.82541,
    "Word_4":  0.81541,
    "Word_5":  0.80541,
    "Word_6":  0.79541,
    "Word_7":  0.78541,
    "Word_8":  0.77541,
    "Word_9":  0.76541,
    "Word_10":  0.75541,
    "Word_11":  0.74541,
    "Word_12":  0.73541,
    "Word_13":  0.72541,
    "Word_14":  0.71541,
    "Word_15":  0.71941,
    "Word_16":  0.71841,
    "Word_17":  0.71741,
    "Word_18":  0.71641,
    "Word_19":  0.71541,
    "Word_20":  0.71441
  },
  "Machete" : {
    "Mirage" : 0.9654812,
    "RAT" : 0.954156,
    "ransomware" : 0.93454,
    "Word_1":  0.84541,
    "Word_2":  0.83541,
    "Word_3":  0.82541,
    "Word_4":  0.81541,
    "Word_5":  0.80541,
    "Word_6":  0.79541,
    "Word_7":  0.78541,
    "Word_8":  0.77541,
    "Word_9":  0.76541,
    "Word_10":  0.75541,
    "Word_11":  0.74541,
    "Word_12":  0.73541,
    "Word_13":  0.72541,
    "Word_14":  0.71541,
    "Word_15":  0.71941,
    "Word_16":  0.71841,
    "Word_17":  0.71741,
    "Word_18":  0.71641,
    "Word_19":  0.71541,
    "Word_20":  0.71441
  }
}